<Material name="Default">
	<Shaders>
		<Shader type="Vertex" source="Shaders/Diffuse" defines="NORMALMAP,SKINNED,DUAL_QUATERNION"/>
		<Shader type="Pixel" source="Shaders/Diffuse" defines="SKINNED,NORMALMAP,SPECULARMAP,DIFFUSEMAP,ENVMAP"/>
	</Shaders>

	<Properties>
		<CullMode value="Back"/>
		<BlendMode value="Replace"/>
		<FillMode value="Solid"/>
	</Properties>

	<Parameters>
		<Texture slot="Diffuse" value="Textures/Guard_02__diffuse.png"/>
		<Texture slot="Normal" value="Textures/Guard_02__normal.png"/>
		<Texture slot="Specular" value="Textures/Guard_02__specular.png"/>
		<TextureCube slot="Cube" value="Textures/Skybox.dds"/>
	</Parameters>
</Material>